[{"categoryString":"EXTENSION","dateBuilt":"2021-07-02","nonVisible":"true","iconName":"aiwebres/icon.png","methods":[{"deprecated":"false","name":"ColumnChart","description":"Creates a column chart from a title string and input lists of data  and displays the chart in the WebViewer passed as the final argument. Provides for adding options, gives column selection feedback and controls zoom","params":[{"name":"webViewer","type":"any"},{"name":"arrayTable","type":"text"},{"name":"title","type":"text"},{"name":"zoom","type":"boolean"},{"name":"extraOptions","type":"text"}]},{"deprecated":"false","name":"PieChart","description":"Creates a pie chart from a title string and input lists of data, in the WebViewer passed as the final argument. Provides for adding options, gives slice selection feedback and controls zoom","params":[{"name":"webViewer","type":"any"},{"name":"arrayTable","type":"text"},{"name":"title","type":"text"},{"name":"zoom","type":"boolean"},{"name":"extraOptions","type":"text"}]},{"deprecated":"false","name":"TableChart","description":"Creates a table chart from an input list of data, and displays in the WebViewer passed as the final argument. Provides for adding options, gives row selection feedback, and controls zoom","params":[{"name":"webViewer","type":"any"},{"name":"arrayTable","type":"text"},{"name":"zoom","type":"boolean"},{"name":"rowNumbers","type":"boolean"},{"name":"headerAlign","type":"text"},{"name":"cellAlign","type":"text"},{"name":"extraOptions","type":"text"},{"name":"css","type":"text"}]},{"deprecated":"false","name":"BarChart","description":"Creates a bar chart from a title string and input lists of data  and displays the chart in the WebViewer passed as the final argument. Provides for adding options, gives bar selection feedback and controls zoom","params":[{"name":"webViewer","type":"any"},{"name":"arrayTable","type":"text"},{"name":"title","type":"text"},{"name":"zoom","type":"boolean"},{"name":"extraOptions","type":"text"}]},{"deprecated":"false","name":"LineChart","description":"Creates a line graph from a main title and input lists, and displays the chart in the WebViewer passed as the final argument. Provides for options, click feedback and zoom control","params":[{"name":"webViewer","type":"any"},{"name":"arrayTable","type":"text"},{"name":"title","type":"text"},{"name":"zoom","type":"boolean"},{"name":"extraOptions","type":"text"}]}],"blockProperties":[],"helpUrl":"","licenseName":"","versionName":"1.0","type":"uk.co.metricrat.chartmakerplus.ChartMakerPlus","androidMinSdk":7,"version":"2","external":"true","showOnPalette":"true","name":"ChartMakerPlus","helpString":"<p>ChartMakerPlus Extension.  A re-working of the original Chartmaker extension <a href=\"https://github.com/MillsCS215AppInventorProj/chartmaker\">https://github.com/MillsCS215AppInventorProj/chartmaker<\/a>.  Created using Rush.<\/p>\n","events":[],"properties":[]}]