[{"categoryString":"EXTENSION","nonVisible":"true","iconName":"images/extension.png","methods":[{"deprecated":"false","name":"DrawBarGraph","description":"Creates a bar chart from a title string and input lists of data types, labels, items, and values and displays the chart in the WebViewer passed as the final argument.","params":[{"name":"title","type":"text"},{"name":"types","type":"list"},{"name":"labels","type":"list"},{"name":"items","type":"list"},{"name":"values","type":"list"},{"name":"webViewer","type":"component"}]},{"deprecated":"false","name":"DrawLineGraph","description":"Creates a line graph from a main title string, x- and y-axis title strings, and input lists of lists of labels and values, and displays the chart in the WebViewer passed as the final argument.","params":[{"name":"chartTitle","type":"text"},{"name":"hAxisTitle","type":"text"},{"name":"vAxisTitle","type":"text"},{"name":"labels","type":"list"},{"name":"values","type":"list"},{"name":"webViewer","type":"component"}]},{"deprecated":"false","name":"DrawPieChart","description":"Creates a pie chart from a title string and input lists of data, types, labels, items, and values and displays the chart in the WebViewer passed as the final argument.","params":[{"name":"title","type":"text"},{"name":"types","type":"list"},{"name":"labels","type":"list"},{"name":"items","type":"list"},{"name":"values","type":"list"},{"name":"webViewer","type":"component"}]}],"blockProperties":[],"type":"edu.mills.appinventor.ChartMaker","version":"2","external":"true","showOnPalette":"true","name":"ChartMaker","helpString":"An extension that provides chart-making capabilities. Pie charts, bar graphs, and line charts can be displayed in a WebViewer using the visualization API for Google Charts. Data can be fed into each draw function in list form, with strings for labels and titles.","properties":[],"events":[]}]