[{"categoryString":"EXTENSION","nonVisible":"true","iconName":"http://www.mirxtremapps.com/icon/Firebase.png","methods":[{"deprecated":"false","name":"CreateUserWithEmailAndPassword","description":"Authenticate users with their email addresses and passwords. Sign up","params":[{"name":"email","type":"text"},{"name":"password","type":"text"}]},{"deprecated":"false","name":"DeleteUserAccount","description":"Delete a Firebase user account. Unauthenticate","params":[{"name":"idToken","type":"text"}]},{"deprecated":"false","name":"GetUserInfo","description":"Return info about user account from Firebase.","params":[{"name":"idToken","type":"text"}]},{"deprecated":"false","name":"RefreshIdToken","description":"Exchange a refresh token for an ID token, return: expires_in, Baerer token_type, refresh_token, id_token, user_id, project_id and access_token also.","params":[{"name":"refreshToken","type":"text"}]},{"deprecated":"false","name":"SignInWithEmailAndPassword","description":"Authenticate users with their email addresses and passwords. Sign in","params":[{"name":"email","type":"text"},{"name":"password","type":"text"}]},{"deprecated":"false","name":"SignInWithFacebook","description":"Authenticate users with Facebook account.","params":[{"name":"facebookAccessToken","type":"text"}]},{"deprecated":"false","name":"SignInWithGoogle","description":"Authenticate users with Facebook or Google account.","params":[{"name":"googleIdToken","type":"text"}]},{"deprecated":"false","name":"UpdateProfile","description":"You can update a user's profile (display name / photo URL)","params":[{"name":"idToken","type":"text"},{"name":"displayName","type":"text"},{"name":"photoUrl","type":"text"}]}],"blockProperties":[{"rw":"invisible","deprecated":"false","name":"AllowCookies","description":"Never allow Cookies","type":"boolean"},{"rw":"invisible","deprecated":"false","name":"ApiKey","description":"The Firebase project API, Go to Firebase console and get the project API in overview > Project settings","type":"text"},{"rw":"invisible","deprecated":"false","name":"RequestHeaders","description":"Content-Type: application/json","type":"list"},{"rw":"invisible","deprecated":"false","name":"ResponseFileName","description":"","type":"text"},{"rw":"invisible","deprecated":"false","name":"SaveResponse","description":"","type":"boolean"},{"rw":"invisible","deprecated":"false","name":"Url","description":"The URL for the web request.","type":"text"}],"type":"com.mirxtremapps.FirebaseAuth","version":"1","external":"true","showOnPalette":"true","name":"FirebaseAuth","helpString":"Firebase Authentication.","events":[{"deprecated":"false","name":"AfterRefreshToken","description":"After exchange Refresh token for an id token.\n New idToken, refreshToken are returned from Firebase.","params":[{"name":"idToken","type":"text"},{"name":"refreshToken","type":"text"},{"name":"expireIn","type":"text"},{"name":"localId","type":"text"}]},{"deprecated":"false","name":"AfterUpdate","description":"After Update profile.\n localId, email, displayName, photoUrl, and new idToken, refreshToken are returned from Firebase.","params":[{"name":"localId","type":"text"},{"name":"email","type":"text"},{"name":"displayName","type":"text"},{"name":"photoUrl","type":"text"},{"name":"idToken","type":"text"},{"name":"refreshToken","type":"text"},{"name":"expireIn","type":"text"}]},{"deprecated":"false","name":"FirebaseAuthError","description":"Event that return Response PayLoad for Error handler.","params":[{"name":"message","type":"text"}]},{"deprecated":"false","name":"FirebaseAuthUserData","description":"After Sign up or Sign in with email and password.\n email, idToken, refreshToken, expireIn, localId are returned from Firebase.","params":[{"name":"email","type":"text"},{"name":"idToken","type":"text"},{"name":"refreshToken","type":"text"},{"name":"expireIn","type":"text"},{"name":"localId","type":"text"}]},{"deprecated":"false","name":"GotUserInfo","description":"After GetUserInfo method.\n localId, email, displayName, photoUrl, disabled state are returned from Firebase.","params":[{"name":"localId","type":"text"},{"name":"email","type":"text"},{"name":"displayName","type":"text"},{"name":"photoUrl","type":"text"},{"name":"disabled","type":"text"}]},{"deprecated":"false","name":"OAuthCredentialData","description":"After Sign up or Sign in with Facebook or Google\n federatedId, localId, email, firstName, lastName, displayName, photoUrl, idToken, refreshToken, expireIn are returned from Firebase.","params":[{"name":"localId","type":"text"},{"name":"email","type":"text"},{"name":"firstName","type":"text"},{"name":"lastName","type":"text"},{"name":"displayName","type":"text"},{"name":"photoUrl","type":"text"},{"name":"idToken","type":"text"},{"name":"refreshToken","type":"text"},{"name":"expireIn","type":"text"}]}],"properties":[{"defaultValue":"YOUR_FIREBASE_API","name":"ApiKey","editorType":"string"}]}]